Workbook

Sheet PlanPropagation_Info
A1: TLE URL | B1: TLE File | C1: Satellite Name | D1: Simulation Start Time [YYYY-MM-DD HH:MM:SS UTC] | E1: Simulation End Time [YYYY-MM-DD HH:MM:SS UTC] | F1: Timestep [sec]
A2: https://celestrak.org/NORAD/elements/gp.php?CATNR=49263&FORMAT=tle | B2: cute_tle | C2: CUTE | D2: 46115.021 | E2: 46120 | F2: 6

Sheet Targets_Info
A1: Target | B1: Pointing | C1: HH | D1: MM | E1: SS | F1: dd | G1: mm | H1: ss | I1: Rotation Angle | J1: Survey | K1: Base Priority | L1: Exposure Mode | M1: Max Exp. Time [sec] | N1: Min Exp. Time [sec] | O1: Current Exp. Time [sec]
A2: CN Leo | B2: A | C2: 10 | D2: 56 | E2: 32.393886 | F2: 7 | G2: 1 | H2: 4.6383079 | I2: 0 | J2: MUMS | K2: 1 | L2: =LOOKUP(J2,Survey_Info!A:A,Survey_Info!G:G) -> TTAG | M2: =LOOKUP(J2,Survey_Info!A:A,Survey_Info!D:D) -> 10000 | N2: =LOOKUP(J2,Survey_Info!A:A, Survey_Info!J:J) -> 1000 | O2: 0
A3: GJ 729 | B3: A | C3: 18 | D3: 49 | E3: 49.210696 | F3: -23 | G3: 50 | H3: 7.3612249 | I3: 0 | J3: MUMS | K3: 1 | L3: =LOOKUP(J3,Survey_Info!A:A,Survey_Info!G:G) -> TTAG | M3: =LOOKUP(J3,Survey_Info!A:A,Survey_Info!D:D) -> 10000 | N3: =LOOKUP(J3,Survey_Info!A:A, Survey_Info!J:J) -> 1000 | O3: 0
A4: HD 217987 | B4: A | C4: 23 | D4: 5 | E4: 51.434424 | F4: -35 | G4: 50 | H4: 59.856356 | I4: 0 | J4: MUMS | K4: 1 | L4: =LOOKUP(J4,Survey_Info!A:A,Survey_Info!G:G) -> TTAG | M4: =LOOKUP(J4,Survey_Info!A:A,Survey_Info!D:D) -> 10000 | N4: =LOOKUP(J4,Survey_Info!A:A, Survey_Info!J:J) -> 1000 | O4: 0
A5: YZ Cet | B5: A | C5: 1 | D5: 12 | E5: 31.981021 | F5: -16 | G5: 59 | H5: 46.157541 | I5: 0 | J5: MUMS | K5: 1 | L5: =LOOKUP(J5,Survey_Info!A:A,Survey_Info!G:G) -> TTAG | M5: =LOOKUP(J5,Survey_Info!A:A,Survey_Info!D:D) -> 10000 | N5: =LOOKUP(J5,Survey_Info!A:A, Survey_Info!J:J) -> 1000 | O5: 0
A6: AX Mic | B6: A | C6: 21 | D6: 17 | E6: 15.078769 | F6: -38 | G6: 51 | H6: 51.824438 | I6: 0 | J6: MUMS | K6: 1 | L6: =LOOKUP(J6,Survey_Info!A:A,Survey_Info!G:G) -> TTAG | M6: =LOOKUP(J6,Survey_Info!A:A,Survey_Info!D:D) -> 10000 | N6: =LOOKUP(J6,Survey_Info!A:A, Survey_Info!J:J) -> 1000 | O6: 0
A7: Ross 614 | B7: A | C7: 6 | D7: 29 | E7: 23.699547 | F7: -2 | G7: 48 | H7: 38.302627 | I7: 0 | J7: MUMS | K7: 1 | L7: =LOOKUP(J7,Survey_Info!A:A,Survey_Info!G:G) -> TTAG | M7: =LOOKUP(J7,Survey_Info!A:A,Survey_Info!D:D) -> 10000 | N7: =LOOKUP(J7,Survey_Info!A:A, Survey_Info!J:J) -> 1000 | O7: 0
A8: GJ 205 | B8: A | C8: 5 | D8: 31 | E8: 27.547598 | F8: -3 | G8: 40 | H8: 51.948487 | I8: 0 | J8: MUMS | K8: 1 | L8: =LOOKUP(J8,Survey_Info!A:A,Survey_Info!G:G) -> TTAG | M8: =LOOKUP(J8,Survey_Info!A:A,Survey_Info!D:D) -> 10000 | N8: =LOOKUP(J8,Survey_Info!A:A, Survey_Info!J:J) -> 1000 | O8: 0
A9: V1005 Ori | B9: A | C9: 4 | D9: 59 | E9: 34.876047 | F9: 1 | G9: 46 | H9: 59.151394 | I9: 0 | J9: MUMS | K9: 1 | L9: =LOOKUP(J9,Survey_Info!A:A,Survey_Info!G:G) -> TTAG | M9: =LOOKUP(J9,Survey_Info!A:A,Survey_Info!D:D) -> 10000 | N9: =LOOKUP(J9,Survey_Info!A:A, Survey_Info!J:J) -> 1000 | O9: 0
A10: GJ 380 | B10: A | C10: 10 | D10: 11 | E10: 19.90295 | F10: 49 | G10: 27 | H10: 7.1600296 | I10: 0 | J10: MUMS | K10: 1 | L10: =LOOKUP(J10,Survey_Info!A:A,Survey_Info!G:G) -> TTAG | M10: =LOOKUP(J10,Survey_Info!A:A,Survey_Info!D:D) -> 10000 | N10: =LOOKUP(J10,Survey_Info!A:A, Survey_Info!J:J) -> 1000 | O10: 0
A11: Eps Eri | B11: A | C11: 3 | D11: 32 | E11: 54.79042 | F11: -9 | G11: 27 | H11: 29.405579 | I11: 0 | J11: MUMS | K11: 1 | L11: =LOOKUP(J11,Survey_Info!A:A,Survey_Info!G:G) -> TTAG | M11: =LOOKUP(J11,Survey_Info!A:A,Survey_Info!D:D) -> 10000 | N11: =LOOKUP(J11,Survey_Info!A:A, Survey_Info!J:J) -> 1000 | O11: 0
A12: GJ 879 | B12: A | C12: 22 | D12: 56 | E12: 24.465936 | F12: -31 | G12: 33 | H12: 58.568264 | I12: 0 | J12: MUMS | K12: 1 | L12: =LOOKUP(J12,Survey_Info!A:A,Survey_Info!G:G) -> TTAG | M12: =LOOKUP(J12,Survey_Info!A:A,Survey_Info!D:D) -> 10000 | N12: =LOOKUP(J12,Survey_Info!A:A, Survey_Info!J:J) -> 1000 | O12: 0
A13: HD 31346 | B13: A | C13: 4 | D13: 54 | E13: 32.059327 | F13: -11 | G13: 54 | H13: 49.132257 | I13: 0 | J13: MUMS | K13: 1 | L13: =LOOKUP(J13,Survey_Info!A:A,Survey_Info!G:G) -> TTAG | M13: =LOOKUP(J13,Survey_Info!A:A,Survey_Info!D:D) -> 10000 | N13: =LOOKUP(J13,Survey_Info!A:A, Survey_Info!J:J) -> 1000 | O13: 0
... A19: EV Lac | B19: A | C19: 22 | D19: 46 | E19: 49.283185 | F19: 44 | G19: 19 | H19: 59.560596 | I19: 0 | J19: MUMS | K19: 1 | L19: =LOOKUP(J19,Survey_Info!A:A,Survey_Info!G:G) -> TTAG | M19: =LOOKUP(J19,Survey_Info!A:A,Survey_Info!D:D) -> 10000 | N19: =LOOKUP(J19,Survey_Info!A:A, Survey_Info!J:J) -> 1000 | O19: 0

Sheet Survey_Info
A1: Survey | B1: N Targets | C1: Pointings Per Target | D1: ExpTime Per Pointing [s] | E1: ExpTime Per Target [s] | F1: Total ExpTime | G1: Obs Mode | H1: Repeat Targets | I1: SurveyPriority | J1: Minimum ExpTime [s]
A2: MUMS | B2: 18 | C2: 1 | D2: 100000 | E2: =D2*C2 -> 100000 | F2: =E2*B2 -> 1800000 | G2: TTAG | H2: Yes | I2: 2 | J2: 1000
A3: JUMP | B3: 15 | C3: 1 | D3: 100000 | E3: =D3*C3 -> 100000 | F3: 5000000 | G3: TTAG | H3: Yes | I3: 1 | J3: 20
A4: Calibration | B4: 4 | C4: 1 | D4: 10000 | E4: =D4*C4 -> 10000 | F4: =E4*B4 -> 40000 | G4: TTAG | H4: Yes | I4: 3 | J4: 1000

Sheet PowerBudget_Info
A1: Initial Charge [J] | B1: Maximum Charge [J] | C1: Charging [W] | D1: Pointing [W] | E1: Observation [W] | F1: Downlink [W] | G1: Idle [W]
A2: =B2*0.9 -> 307800 | B2: 342000 | C2: =(E2+75.7)*0.9 -> 39.042 | D2: -36.72 | E2: -32.32 | F2: -48.32 | G2: =E2 -> -32.32

Sheet DataBudget_Info
A1: Initial Data Size Stored [MB] | B1: Dangerous Data Size Stored [MB] | C1: ACCUM File Size [MB] | D1: TTAG File Size [MB/s] | E1: Downlink Data Rate [MB/s]
A2: 0 | B2: 2000 | C2: 2 | D2: 0.137 | E2: 3.125

Sheet GroundStations_Info
A1: Name | B1: Latitude | C1: Longitude | D1: Altitude [m] | E1: Elevation Constraint [deg]
A2: LASP | B2: 40.015 | C2: -105.2705 | D2: 1655 | E2: 15
A3: US East | B3: 40.10078 | C3: -83.19751 | D3: 0 | E3: 15
A4: US West | B4: 45.85458 | C4: -119.63198 | D4: 1000 | E4: 15
A5: Dublin | B5: 53.7788 | C5: -7.3055 | D5: 0 | E5: 15

Sheet SAA_Info
A1: Latitude | B1: Longitude
A2: -20 | B2: 6.59e-15
A3: -20.959596 | B3: 2.8787879
A4: -21.919192 | B4: 5.7575758
A5: -22.878788 | B5: 8.6363636
A6: -23.838384 | B6: 11.515152
A7: -24.79798 | B7: 14.393939
A8: -25.757576 | B8: 17.365967
A9: -26.717172 | B9: 20.382496
A10: -27.676768 | B10: 23.268112
A11: -28.636364 | B11: 25.892138
A12: -29.59596 | B12: 28.168633
A13: -30.567422 | B13: 30.115726
... A101: -20.11761 | B101: -1.78e-14

Sheet Constraints_Info
A1: Polar Constraint | B1: Earth Angle Constraint | C1: Moon Angle Constraint | D1: Sun Angle Constraint
A2: 15 | B2: 15 | C2: 15 | D2: 90
