Workbook

Sheet Targets_Info
A1: Target | B1: Pointing | C1: HH | D1: MM | E1: SS | F1: dd | G1: mm | H1: ss | I1: Rotation Angle | J1: Survey | K1: Base Priority | L1: Exposure Mode | M1: Max Exp. Time [sec] | N1: Min Exp. Time [sec] | O1: Current Exp. Time [sec]
A2: G191B2B | B2: A | C2: 5 | D2: 5 | E2: 30.617 | F2: 52 | G2: 49 | H2: 51.919 | I2: 0 | J2: SPRITE Flux Standards | K2: 2 | L2: =LOOKUP(J2,Survey_Info!A:A,Survey_Info!G:G) -> ACCUM | M2: =LOOKUP(J2,Survey_Info!A:A,Survey_Info!D:D) -> 1200 | N2: =LOOKUP(J2,Survey_Info!A:A, Survey_Info!J:J) -> 60 | O2: 0
A3: HZ 43 | B3: A | C3: 13 | D3: 16 | E3: 21.85324 | F3: 29 | G3: 5 | H3: 55.4111 | I3: 0 | J3: SPRITE Flux Standards | K3: 2 | L3: =LOOKUP(J3,Survey_Info!A:A,Survey_Info!G:G) -> ACCUM | M3: =LOOKUP(J3,Survey_Info!A:A,Survey_Info!D:D) -> 1200 | N3: =LOOKUP(J3,Survey_Info!A:A, Survey_Info!J:J) -> 60 | O3: 0
A4: GD 71 | B4: A | C4: 5 | D4: 52 | E4: 27.61985 | F4: 15 | G4: 53 | H4: 13.22888 | I4: 0 | J4: SPRITE Flux Standards | K4: 2 | L4: =LOOKUP(J4,Survey_Info!A:A,Survey_Info!G:G) -> ACCUM | M4: =LOOKUP(J4,Survey_Info!A:A,Survey_Info!D:D) -> 1200 | N4: =LOOKUP(J4,Survey_Info!A:A, Survey_Info!J:J) -> 60 | O4: 0
A5: Procyon | B5: A | C5: 7 | D5: 39 | E5: 18.1195 | F5: 5 | G5: 13 | H5: 29.95 | I5: 0 | J5: SPRITE Wavelength Standards | K5: 2 | L5: =LOOKUP(J5,Survey_Info!A:A,Survey_Info!G:G) -> ACCUM | M5: =LOOKUP(J5,Survey_Info!A:A,Survey_Info!D:D) -> 1200 | N5: =LOOKUP(J5,Survey_Info!A:A, Survey_Info!J:J) -> 60 | O5: 0
A6: eps Eri | B6: A | C6: 3 | D6: 32 | E6: 55.84449 | F6: 9 | G6: 27 | H6: 29.739 | I6: 0 | J6: SPRITE Wavelength Standards | K6: 2 | L6: =LOOKUP(J6,Survey_Info!A:A,Survey_Info!G:G) -> ACCUM | M6: =LOOKUP(J6,Survey_Info!A:A,Survey_Info!D:D) -> 1200 | N6: =LOOKUP(J6,Survey_Info!A:A, Survey_Info!J:J) -> 60 | O6: 0
A7: TW Hya | B7: A | C7: 11 | D7: 1 | E7: 51.905 | F7: -34 | G7: 42 | H7: 17.033 | I7: 0 | J7: SPRITE Wavelength Standards | K7: 2 | L7: =LOOKUP(J7,Survey_Info!A:A,Survey_Info!G:G) -> ACCUM | M7: =LOOKUP(J7,Survey_Info!A:A,Survey_Info!D:D) -> 1200 | N7: =LOOKUP(J7,Survey_Info!A:A, Survey_Info!J:J) -> 60 | O7: 0
A8: J115855+312559 | B8: A | C8: 11 | D8: 58 | E8: 54.7992 | F8: 31 | G8: 25 | H8: 59.088 | I8: 0 | J8: LyC Galaxies Survey | K8: 1 | L8: =LOOKUP(J8,Survey_Info!A:A,Survey_Info!G:G) -> ACCUM | M8: =LOOKUP(J8,Survey_Info!A:A,Survey_Info!D:D) -> 100000 | N8: =LOOKUP(J8,Survey_Info!A:A, Survey_Info!J:J) -> 300 | O8: 0
A9: J143256+274249 | B9: A | C9: 14 | D9: 32 | E9: 56.4 | F9: 27 | G9: 42 | H9: 49.608 | I9: 0 | J9: LyC Galaxies Survey | K9: 1 | L9: =LOOKUP(J9,Survey_Info!A:A,Survey_Info!G:G) -> ACCUM | M9: =LOOKUP(J9,Survey_Info!A:A,Survey_Info!D:D) -> 100000 | N9: =LOOKUP(J9,Survey_Info!A:A, Survey_Info!J:J) -> 300 | O9: 0
A10: J105331+523753 | B10: A | C10: 10 | D10: 53 | E10: 30.8232 | F10: 52 | G10: 37 | H10: 52.896 | I10: 0 | J10: LyC Galaxies Survey | K10: 1 | L10: =LOOKUP(J10,Survey_Info!A:A,Survey_Info!G:G) -> ACCUM | M10: =LOOKUP(J10,Survey_Info!A:A,Survey_Info!D:D) -> 100000 | N10: =LOOKUP(J10,Survey_Info!A:A, Survey_Info!J:J) -> 300 | O10: 0
A11: J081409+211459 | B11: A | C11: 8 | D11: 14 | E11: 8.7576 | F11: 21 | G11: 14 | H11: 59.208 | I11: 0 | J11: LyC Galaxies Survey | K11: 1 | L11: =LOOKUP(J11,Survey_Info!A:A,Survey_Info!G:G) -> ACCUM | M11: =LOOKUP(J11,Survey_Info!A:A,Survey_Info!D:D) -> 100000 | N11: =LOOKUP(J11,Survey_Info!A:A, Survey_Info!J:J) -> 300 | O11: 0
A12: J1442-0209 | B12: A | C12: 14 | D12: 42 | E12: 31.3896 | F12: -2 | G12: 9 | H12: 52.02 | I12: 0 | J12: LyC Galaxies Survey | K12: 1 | L12: =LOOKUP(J12,Survey_Info!A:A,Survey_Info!G:G) -> ACCUM | M12: =LOOKUP(J12,Survey_Info!A:A,Survey_Info!D:D) -> 100000 | N12: =LOOKUP(J12,Survey_Info!A:A, Survey_Info!J:J) -> 300 | O12: 0
A13: J1503+3644 | B13: A | C13: 15 | D13: 3 | E13: 42.8304 | F13: 36 | G13: 44 | H13: 50.748 | I13: 0 | J13: LyC Galaxies Survey | K13: 1 | L13: =LOOKUP(J13,Survey_Info!A:A,Survey_Info!G:G) -> ACCUM | M13: =LOOKUP(J13,Survey_Info!A:A,Survey_Info!D:D) -> 100000 | N13: =LOOKUP(J13,Survey_Info!A:A, Survey_Info!J:J) -> 300 | O13: 0
... A15: J1256+4509 | B15: A | C15: 12 | D15: 56 | E15: 44.1504 | F15: 45 | G15: 9 | H15: 16.992 | I15: 0 | J15: LyC Galaxies Survey | K15: 1 | L15: =LOOKUP(J15,Survey_Info!A:A,Survey_Info!G:G) -> ACCUM | M15: =LOOKUP(J15,Survey_Info!A:A,Survey_Info!D:D) -> 100000 | N15: =LOOKUP(J15,Survey_Info!A:A, Survey_Info!J:J) -> 300 | O15: 0
A16: N63A | B16: 1 | C16: 5 | D16: 34 | E16: 34 | F16: -65 | G16: 58 | H16: 4 | I16: 199.8 | J16: Supernova Remnants Survey | K16: 1 | L16: =LOOKUP(J16,Survey_Info!A:A,Survey_Info!G:G) -> TTAG | M16: =LOOKUP(J16,Survey_Info!A:A,Survey_Info!D:D) -> 3000 | N16: =LOOKUP(J16,Survey_Info!A:A, Survey_Info!J:J) -> 300 | O16: 0
A17: N63A | B17: 2 | C17: 5 | D17: 34 | E17: 33.4 | F17: -65 | G17: 58 | H17: 13.4 | I17: 199.8 | J17: Supernova Remnants Survey | K17: 1 | L17: =LOOKUP(J17,Survey_Info!A:A,Survey_Info!G:G) -> TTAG | M17: =LOOKUP(J17,Survey_Info!A:A,Survey_Info!D:D) -> 3000 | N17: =LOOKUP(J17,Survey_Info!A:A, Survey_Info!J:J) -> 300 | O17: 0
A18: N63A | B18: 3 | C18: 5 | D18: 34 | E18: 32.8 | F18: -65 | G18: 58 | H18: 22.8 | I18: 199.8 | J18: Supernova Remnants Survey | K18: 1 | L18: =LOOKUP(J18,Survey_Info!A:A,Survey_Info!G:G) -> TTAG | M18: =LOOKUP(J18,Survey_Info!A:A,Survey_Info!D:D) -> 3000 | N18: =LOOKUP(J18,Survey_Info!A:A, Survey_Info!J:J) -> 300 | O18: 0
A19: N63A | B19: 4 | C19: 5 | D19: 34 | E19: 32.3 | F19: -65 | G19: 58 | H19: 32.2 | I19: 199.8 | J19: Supernova Remnants Survey | K19: 1 | L19: =LOOKUP(J19,Survey_Info!A:A,Survey_Info!G:G) -> TTAG | M19: =LOOKUP(J19,Survey_Info!A:A,Survey_Info!D:D) -> 3000 | N19: =LOOKUP(J19,Survey_Info!A:A, Survey_Info!J:J) -> 300 | O19: 0
A20: N63A | B20: 5 | C20: 5 | D20: 34 | E20: 31.7 | F20: -65 | G20: 58 | H20: 41.6 | I20: 199.8 | J20: Supernova Remnants Survey | K20: 1 | L20: =LOOKUP(J20,Survey_Info!A:A,Survey_Info!G:G) -> TTAG | M20: =LOOKUP(J20,Survey_Info!A:A,Survey_Info!D:D) -> 3000 | N20: =LOOKUP(J20,Survey_Info!A:A, Survey_Info!J:J) -> 300 | O20: 0
A21: N63A | B21: 6 | C21: 5 | D21: 34 | E21: 31.2 | F21: -65 | G21: 58 | H21: 51 | I21: 199.8 | J21: Supernova Remnants Survey | K21: 1 | L21: =LOOKUP(J21,Survey_Info!A:A,Survey_Info!G:G) -> TTAG | M21: =LOOKUP(J21,Survey_Info!A:A,Survey_Info!D:D) -> 3000 | N21: =LOOKUP(J21,Survey_Info!A:A, Survey_Info!J:J) -> 300 | O21: 0
A22: N63A | B22: 7 | C22: 5 | D22: 34 | E22: 30.6 | F22: -65 | G22: 59 | H22: 0.4 | I22: 199.8 | J22: Supernova Remnants Survey | K22: 1 | L22: =LOOKUP(J22,Survey_Info!A:A,Survey_Info!G:G) -> TTAG | M22: =LOOKUP(J22,Survey_Info!A:A,Survey_Info!D:D) -> 3000 | N22: =LOOKUP(J22,Survey_Info!A:A, Survey_Info!J:J) -> 300 | O22: 0
A23: N63A | B23: 8 | C23: 5 | D23: 34 | E23: 30.1 | F23: -65 | G23: 59 | H23: 9.8 | I23: 199.8 | J23: Supernova Remnants Survey | K23: 1 | L23: =LOOKUP(J23,Survey_Info!A:A,Survey_Info!G:G) -> TTAG | M23: =LOOKUP(J23,Survey_Info!A:A,Survey_Info!D:D) -> 3000 | N23: =LOOKUP(J23,Survey_Info!A:A, Survey_Info!J:J) -> 300 | O23: 0
A24: N63A | B24: 9 | C24: 5 | D24: 34 | E24: 29.5 | F24: -65 | G24: 59 | H24: 19.3 | I24: 199.8 | J24: Supernova Remnants Survey | K24: 1 | L24: =LOOKUP(J24,Survey_Info!A:A,Survey_Info!G:G) -> TTAG | M24: =LOOKUP(J24,Survey_Info!A:A,Survey_Info!D:D) -> 3000 | N24: =LOOKUP(J24,Survey_Info!A:A, Survey_Info!J:J) -> 300 | O24: 0
A25: N63A | B25: 10 | C25: 5 | D25: 34 | E25: 28.9 | F25: -65 | G25: 59 | H25: 28.7 | I25: 199.8 | J25: Supernova Remnants Survey | K25: 1 | L25: =LOOKUP(J25,Survey_Info!A:A,Survey_Info!G:G) -> TTAG | M25: =LOOKUP(J25,Survey_Info!A:A,Survey_Info!D:D) -> 3000 | N25: =LOOKUP(J25,Survey_Info!A:A, Survey_Info!J:J) -> 300 | O25: 0
A26: N63A | B26: 11 | C26: 5 | D26: 34 | E26: 28.4 | F26: -65 | G26: 59 | H26: 38.1 | I26: 199.8 | J26: Supernova Remnants Survey | K26: 1 | L26: =LOOKUP(J26,Survey_Info!A:A,Survey_Info!G:G) -> TTAG | M26: =LOOKUP(J26,Survey_Info!A:A,Survey_Info!D:D) -> 3000 | N26: =LOOKUP(J26,Survey_Info!A:A, Survey_Info!J:J) -> 300 | O26: 0
A27: N63A | B27: 12 | C27: 5 | D27: 34 | E27: 27.8 | F27: -65 | G27: 59 | H27: 47.5 | I27: 199.8 | J27: Supernova Remnants Survey | K27: 1 | L27: =LOOKUP(J27,Survey_Info!A:A,Survey_Info!G:G) -> TTAG | M27: =LOOKUP(J27,Survey_Info!A:A,Survey_Info!D:D) -> 3000 | N27: =LOOKUP(J27,Survey_Info!A:A, Survey_Info!J:J) -> 300 | O27: 0
... A131: 1E 0102-2-7219 | B131: 4 | C131: 1 | D131: 5 | E131: 53 | F131: -72 | G131: 4 | H131: 49.7 | I131: 197.1 | J131: Supernova Remnants Survey | K131: 1 | L131: =LOOKUP(J131,Survey_Info!A:A,Survey_Info!G:G) -> TTAG | M131: =LOOKUP(J131,Survey_Info!A:A,Survey_Info!D:D) -> 3000 | N131: =LOOKUP(J131,Survey_Info!A:A, Survey_Info!J:J) -> 300 | O131: 0

Sheet Survey_Info
A1: Survey | B1: N Targets | C1: Pointings Per Target | D1: ExpTime Per Pointing [s] | E1: ExpTime Per Target [s] | F1: Total ExpTime | G1: Obs Mode | H1: Repeat Targets | I1: SurveyPriority | J1: Minimum ExpTime [s]
A2: LyC Galaxies Survey | B2: 50 | C2: 1 | D2: 100000 | E2: =D2*C2 -> 100000 | F2: =E2*B2 -> 5000000 | G2: ACCUM | H2: No | I2: 1 | J2: 300
A3: Nearby Galaxies Survey | B3: 6 | C3: 25 | D3: 3000 | E3: =D3*C3 -> 75000 | F3: =E3*B3 -> 450000 | G3: TTAG | H3: No | I3: 3 | J3: 300
A4: SPRITE Flux Standards | B4: 3 | C4: 1 | D4: 1200 | E4: =D4*C4 -> 1200 | F4: =E4*B4 -> 3600 | G4: ACCUM | H4: Yes | I4: 4 | J4: 60
A5: SPRITE Wavelength Standards | B5: 3 | C5: 1 | D5: 1200 | E5: =D5*C5 -> 1200 | F5: =E5*B5 -> 3600 | G5: ACCUM | H5: Yes | I5: 4 | J5: 60
A6: Supernova Remnants Survey | B6: 50 | C6: 25 | D6: 3000 | E6: =D6*C6 -> 75000 | F6: =E6*B6 -> 3750000 | G6: TTAG | H6: No | I6: 2 | J6: 300

Sheet PowerBudget_Info
A1: Initial Charge [J] | B1: Maximum Charge [J] | C1: Charging [W] | D1: Pointing [W] | E1: Observation [W] | F1: Downlink [W] | G1: Idle [W]
A2: 400000 | B2: 535680 | C2: 38.2 | D2: -32 | E2: -28.7 | F2: -46.9 | G2: -28.7

Sheet DataBudget_Info
A1: Initial Data Size Stored [MB] | B1: Dangerous Data Size Stored [MB] | C1: ACCUM File Size [MB] | D1: TTAG File Size [MB] | E1: Downlink Data Rate [MB/s]
A2: 0 | B2: 200 | C2: 2 | D2: 1 | E2: 0.025

Sheet PlanPropagation_Info
A1: TLE URL | B1: TLE File | C1: Satellite Name | D1: Simulation Start Time [YYYY-MM-DD HH:MM:SS UTC] | E1: Simulation End Time [YYYY-MM-DD HH:MM:SS UTC] | F1: Timestep [sec]
A2: https://celestrak.org/NORAD/elements/gp.php?GROUP=active&FORMAT=tle | B2: cute_tle | C2: CUTE | D2: 45749.667 | E2: 45750.667 | F2: 6

Sheet GroundStations_Info
A1: Name | B1: Latitude | C1: Longitude | D1: Altitude [m] | E1: Elevation Constraint [deg]
A2: Boulder | B2: 40.015 | C2: -105.2705 | D2: 1655 | E2: 15

Sheet SAA_Info
A1: Latitude | B1: Longitude
A2: -20 | B2: 6.59e-15
A3: -20.959596 | B3: 2.8787879
A4: -21.919192 | B4: 5.7575758
A5: -22.878788 | B5: 8.6363636
A6: -23.838384 | B6: 11.515152
A7: -24.79798 | B7: 14.393939
A8: -25.757576 | B8: 17.365967
A9: -26.717172 | B9: 20.382496
A10: -27.676768 | B10: 23.268112
A11: -28.636364 | B11: 25.892138
A12: -29.59596 | B12: 28.168633
A13: -30.567422 | B13: 30.115726
... A101: -20.11761 | B101: -1.78e-14

Sheet Constraints_Info
A1: Polar Constraint | B1: Earth Angle Constraint | C1: Moon Angle Constraint
A2: 15 | B2: 15 | C2: 15
